Section,Grammar Topic,Grammar Sub Topic
1,Present Simple,Positive
1,Present Simple,Negative
1,Present Simple,Questions
1,Present Progressive,Positive
1,Present Progressive,Negative
1,Present Progressive,Questions
1,Present Simple vs Present Progressive,Present Simple vs Present Progressive
2,Past Simple,Positive
2,Past Simple,Negative
2,Past Simple,Questions
2,Past Progressive,Positive
2,Past Progressive,Negative
2,Past Progressive,Questions
2,Used to,Used to
3,Present Perfect Simple,Past experiences
3,Present Perfect Simple,Past Simple vs Present Perfect
3,Relative Clauses,Relative pronouns
4,Temporals,Time conjunctions
4,Temporals,Present Simple vs Future
5,Conditionals,Zero Conditional
5,Conditionals,First Conditional
5,Conditionals,Second Conditional
6,Past Perfect Simple,Past before past
6,Past Perfect Simple,Past Simple vs Past Perfect
6,Reported Speech,Statements
7,Reported Speech,Questions
7,Reported Speech,Commands
8,Future,Simple will
8,Future,Be going to
8,Adjectives,Comparative
8,Adjectives,Superlative
9,Modals and Semi-modals,can
9,Modals and Semi-modals,could
9,Modals and Semi-modals,should
9,Modals and Semi-modals,must
9,Modals and Semi-modals,may
9,Modals and Semi-modals,might
9,Modals and Semi-modals,be able to
9,Modals and Semi-modals,have to
10,Passive,Present Simple
10,Passive,Past Simple
10,Passive,Future Simple
10,Passive,Modals