1,science
1,experiment
1,volcano
1,materials
1,spoon
1,cup
1,vinegar
1,baking soda
1,soap
1,make
2,ice
2,melts
2,fast
2,warm
2,water
2,seeds
2,grow
2,wonder
2,sunlight
2,tall
3,paper
3,notebook
3,measuring tape
3,timer
3,pencil
3,paper clip
3,glue
3,airplane
3,wide
4,hypothesis
4,observe
4,measure
4,data
4,test
4,result
4,variable
4,conclusion
4,equipment
5,pollution
5,protect
5,air
5,water
5,plants
5,animals
5,energy
5,environment
5,living 
5,non-living
6,cactus
6,camel
6,dune
6,thirsty
6,frozen
6,iceberg
6,moss
6,windy
6,desert
6,snow
7,rules
7,class
7,students 
7,teacher
7,speak
7,food
7,clean up
7,help
7,ask
7,respect
8,hypothesis
8,observe
8,measure
8,data
8,test
8,result
8,variable
8,conclusion
8,equipment