CEFR Level,Grade Band,Day Number,Day / Topic,Vocabulary Word,Definition
A1,4th-7th,1,Introductions Day,hello,A friendly word you say when you meet someone.
A1,4th-7th,1,Introductions Day,goodbye,A word you say when you leave or go away.
A1,4th-7th,1,Introductions Day,name,The word people use to call you.
A1,4th-7th,1,Introductions Day,friend,A person you like and enjoy spending time with.
A1,4th-7th,1,Introductions Day,introduce,To tell someone your name when you meet for the first time.
A1,4th-7th,1,Introductions Day,age,How many years old a person is.
A1,4th-7th,1,Introductions Day,country,The place where you were born or where you live.
A1,4th-7th,1,Introductions Day,hobby,An activity you enjoy doing in your free time.
A1,4th-7th,1,Introductions Day,favorite,The thing you like best out of all the choices.
A1,4th-7th,2,Prepositions / Directions Day,left,The opposite direction from right.
A1,4th-7th,2,Prepositions / Directions Day,right,The opposite direction from left.
A1,4th-7th,2,Prepositions / Directions Day,up,Toward the sky or the top of something.
A1,4th-7th,2,Prepositions / Directions Day,down,Toward the ground or the bottom of something.
A1,4th-7th,2,Prepositions / Directions Day,near,Not far away; close to something.
A1,4th-7th,2,Prepositions / Directions Day,far,A long distance away; not close.
A1,4th-7th,2,Prepositions / Directions Day,behind,At the back of something.
A1,4th-7th,2,Prepositions / Directions Day,between,In the middle of two things.
A1,4th-7th,2,Prepositions / Directions Day,inside,In the inner part of something; not outside.
A1,4th-7th,3,Emotions Day,happy,Feeling good and smiling.
A1,4th-7th,3,Emotions Day,sad,Feeling unhappy or like you might cry.
A1,4th-7th,3,Emotions Day,excited,Feeling very happy and eager about something.
A1,4th-7th,3,Emotions Day,tired,Needing rest or sleep.
A1,4th-7th,3,Emotions Day,angry,Feeling very upset or mad.
A1,4th-7th,3,Emotions Day,shy,Nervous or quiet around people you do not know well.
A1,4th-7th,3,Emotions Day,nervous,Worried or a little scared about something new.
A1,4th-7th,3,Emotions Day,surprised,Feeling shocked because something unexpected happened.
A1,4th-7th,3,Emotions Day,calm,Quiet and relaxed; not upset or excited.
A1,4th-7th,4,Mystery Day,clue,A hint that helps you solve a mystery.
A1,4th-7th,4,Mystery Day,mystery,Something that is hard to explain or understand.
A1,4th-7th,4,Mystery Day,guess,To try to give an answer when you are not sure.
A1,4th-7th,4,Mystery Day,secret,Something that is kept hidden from others.
A1,4th-7th,4,Mystery Day,detective,A person who solves mysteries and finds clues.
A1,4th-7th,4,Mystery Day,question,Something you ask when you want to learn more.
A1,4th-7th,4,Mystery Day,answer,What you say when someone asks you a question.
A1,4th-7th,4,Mystery Day,solve,To find the correct answer to a problem or mystery.
A1,4th-7th,4,Mystery Day,who,A question word used to ask about a person.
A1,4th-7th,5,Holiday Celebrations Day,holiday,A special day when people celebrate something important.
A1,4th-7th,5,Holiday Celebrations Day,celebrate,To do something fun because of a special day or event.
A1,4th-7th,5,Holiday Celebrations Day,gift,Something you give to someone on a special day.
A1,4th-7th,5,Holiday Celebrations Day,party,A fun event where people gather to celebrate.
A1,4th-7th,5,Holiday Celebrations Day,tradition,Something a family or group does the same way every year.
A1,4th-7th,5,Holiday Celebrations Day,cake,A sweet food people often eat at birthdays and parties.
A1,4th-7th,5,Holiday Celebrations Day,music,Sounds made by singing or playing instruments.
A1,4th-7th,5,Holiday Celebrations Day,decorate,To make a place look special with colors and objects.
A1,4th-7th,5,Holiday Celebrations Day,festival,A time when many people gather to celebrate together.
A1,4th-7th,6,Community Day (Part 1),chef,A person who cooks food professionally.
A1,4th-7th,6,Community Day (Part 1),doctor,A person who helps sick people get better.
A1,4th-7th,6,Community Day (Part 1),teacher,A person who helps students learn at school.
A1,4th-7th,6,Community Day (Part 1),nurse,A person who cares for sick people in a hospital.
A1,4th-7th,6,Community Day (Part 1),farmer,A person who grows food on a farm.
A1,4th-7th,6,Community Day (Part 1),driver,A person who drives a car or bus.
A1,4th-7th,6,Community Day (Part 1),firefighter,A person whose job is to put out fires.
A1,4th-7th,6,Community Day (Part 1),librarian,A person who works in a library and helps people find books.
A1,4th-7th,6,Community Day (Part 1),vet,A doctor for animals.
A1,4th-7th,7,Community Day (Part 2),hospital,A place where sick or hurt people go for help.
A1,4th-7th,7,Community Day (Part 2),library,A place where you can borrow books to read.
A1,4th-7th,7,Community Day (Part 2),park,A public outdoor place with grass and play areas.
A1,4th-7th,7,Community Day (Part 2),school,A place where children go to learn.
A1,4th-7th,7,Community Day (Part 2),store,A place where you buy food and other things.
A1,4th-7th,7,Community Day (Part 2),restaurant,A place where you go to eat a meal.
A1,4th-7th,7,Community Day (Part 2),clinic,A small place where a doctor or nurse helps people.
A1,4th-7th,7,Community Day (Part 2),farm,Land where animals live and crops are grown.
A1,4th-7th,7,Community Day (Part 2),museum,A building where interesting objects and art are shown.
A1,4th-7th,8,Animals Day,cat,A small furry pet that says meow.
A1,4th-7th,8,Animals Day,dog,A friendly pet that barks and wags its tail.
A1,4th-7th,8,Animals Day,bird,An animal with wings and feathers that can usually fly.
A1,4th-7th,8,Animals Day,fish,An animal that lives in water and swims.
A1,4th-7th,8,Animals Day,horse,A large animal that people can ride.
A1,4th-7th,8,Animals Day,cow,A farm animal that gives us milk.
A1,4th-7th,8,Animals Day,dolphin,A smart animal that lives in the ocean and jumps in the water.
A1,4th-7th,8,Animals Day,shark,A large fish with sharp teeth that lives in the sea.
A1,4th-7th,8,Animals Day,elephant,A very big gray animal with a long trunk.
A1,4th-7th,9,Sports Day,soccer,A sport played by kicking a ball into a goal.
A1,4th-7th,9,Sports Day,basketball,A sport where players throw a ball through a high hoop.
A1,4th-7th,9,Sports Day,tennis,A sport where two or four people hit a ball over a net with rackets.
A1,4th-7th,9,Sports Day,volleyball,A sport where teams hit a ball over a net.
A1,4th-7th,9,Sports Day,baseball,A sport where players hit a ball with a bat and run to bases.
A1,4th-7th,9,Sports Day,athlete,A person who is very good at sports.
A1,4th-7th,9,Sports Day,team,A group of people who work or play together.
A1,4th-7th,9,Sports Day,play,To take part in a game or sport for fun.
A1,4th-7th,9,Sports Day,win,To do better than others in a game or competition.
A1,4th-7th,10,Water Day,water,"A clear liquid that people, animals, and plants need to live."
A1,4th-7th,10,Water Day,swim,To move through water using your arms and legs.
A1,4th-7th,10,Water Day,ocean,A very large body of salt water.
A1,4th-7th,10,Water Day,river,A long line of water that flows across the land.
A1,4th-7th,10,Water Day,lake,A large area of water surrounded by land.
A1,4th-7th,10,Water Day,beach,Sandy land next to the ocean or a lake.
A1,4th-7th,10,Water Day,wet,Covered with water or another liquid.
A1,4th-7th,10,Water Day,dry,Not wet; without water.
A1,4th-7th,10,Water Day,rain,Water that falls from clouds in the sky.
A1,4th-7th,11,Food Day,apple,A round red or green fruit that grows on trees.
A1,4th-7th,11,Food Day,banana,A long yellow fruit with soft sweet flesh.
A1,4th-7th,11,Food Day,bread,A common food made from flour and baked in an oven.
A1,4th-7th,11,Food Day,cheese,A food made from milk that is often yellow or white.
A1,4th-7th,11,Food Day,salad,"A dish made of mixed vegetables, often with lettuce."
A1,4th-7th,11,Food Day,tomato,A round red fruit often used in salads and sauces.
A1,4th-7th,11,Food Day,chicken,A bird that is also a common food people eat.
A1,4th-7th,11,Food Day,rice,Small white or brown grains that people cook and eat.
A1,4th-7th,11,Food Day,juice,A drink made from fruit or vegetables.
A1,4th-7th,12,Travel Day,passport,An official document you need to travel to another country.
A1,4th-7th,12,Travel Day,luggage,The bags and suitcases you take when you travel.
A1,4th-7th,12,Travel Day,airport,A place where airplanes take off and land.
A1,4th-7th,12,Travel Day,ticket,A paper or electronic pass that lets you travel or enter a place.
A1,4th-7th,12,Travel Day,flight,A trip on an airplane from one place to another.
A1,4th-7th,12,Travel Day,tourist,A person who visits a place for fun or vacation.
A1,4th-7th,12,Travel Day,gate,The place in an airport where you wait to board your plane.
A1,4th-7th,12,Travel Day,map,A drawing that shows where places are.
A1,4th-7th,12,Travel Day,hotel,A place where travelers sleep and stay during a trip.
A1,4th-7th,13,Game Day,game,An activity with rules that people play for fun.
A1,4th-7th,13,Game Day,dice,A small cube with dots used in many board games.
A1,4th-7th,13,Game Day,card,A thick piece of paper used in many games.
A1,4th-7th,13,Game Day,board,A flat surface used for board games.
A1,4th-7th,13,Game Day,turn,Your chance to play or move in a game.
A1,4th-7th,13,Game Day,score,The number of points you have in a game.
A1,4th-7th,13,Game Day,rules,Instructions that tell you how to play a game.
A1,4th-7th,13,Game Day,winner,The person or team that wins a game.
A1,4th-7th,13,Game Day,play,To take part in a game for fun.
A1,4th-7th,14,Weather Day,sunny,When the sun is shining and the sky is bright.
A1,4th-7th,14,Weather Day,rainy,When water falls from the sky.
A1,4th-7th,14,Weather Day,cloudy,When the sky is full of gray or white clouds.
A1,4th-7th,14,Weather Day,windy,When the air moves strongly and blows things around.
A1,4th-7th,14,Weather Day,cold,When the temperature is low and you feel chilly.
A1,4th-7th,14,Weather Day,hot,When the temperature is high and you feel warm.
A1,4th-7th,14,Weather Day,storm,A period of bad weather with strong wind and rain.
A1,4th-7th,14,Weather Day,snow,Soft white ice that falls from the sky in winter.
A1,4th-7th,14,Weather Day,weather,"What the air outside is like — sunny, rainy, cold, etc."
A1,4th-7th,15,Final Day / Celebration,celebrate,To do something special and fun for an important day.
A1,4th-7th,15,Final Day / Celebration,proud,Feeling happy about something good you or someone else did.
A1,4th-7th,15,Final Day / Celebration,memory,"Something you remember from the past, especially a happy time."
A1,4th-7th,15,Final Day / Celebration,friend,A person you like and enjoy spending time with.
A1,4th-7th,15,Final Day / Celebration,sing,To make music with your voice.
A1,4th-7th,15,Final Day / Celebration,dance,To move your body to music.
A1,4th-7th,15,Final Day / Celebration,thank,To tell someone you are grateful for something they did.
A1,4th-7th,15,Final Day / Celebration,summer,"The warmest season of the year, when school is often on break."
A1,4th-7th,15,Final Day / Celebration,goodbye,A word you say when you leave or when something ends.
